Iteration,Loss
0,0.501425
1,1.755489
2,0.111378
3,0.108925
