Iteration,Loss
0,0.604557
1,0.892024
2,0.187556
3,0.188493
